<?xml version="1.0" encoding="UTF-8"?>
<project-private xmlns="http://www.netbeans.org/ns/project-private/1">
    <editor-bookmarks xmlns="http://www.netbeans.org/ns/editor-bookmarks/2" lastBookmarkId="0"/>
    <open-files xmlns="http://www.netbeans.org/ns/projectui-open-files/2">
        <group>
            <file>file:/E:/Java%20JFrame/ShowroomManagementSystem/src/Login.java</file>
            <file>file:/E:/Java%20JFrame/ShowroomManagementSystem/src/DbConnection/DatabaseCSMS.java</file>
            <file>file:/E:/Java%20JFrame/ShowroomManagementSystem/src/ViewCarsDetailsPage.java</file>
            <file>file:/E:/Java%20JFrame/ShowroomManagementSystem/src/Dashboard.java</file>
            <file>file:/E:/Java%20JFrame/ShowroomManagementSystem/src/Signup.java</file>
            <file>file:/E:/Java%20JFrame/ShowroomManagementSystem/src/Payment.java</file>
            <file>file:/E:/Java%20JFrame/ShowroomManagementSystem/src/loading1.java</file>
            <file>file:/E:/Java%20JFrame/ShowroomManagementSystem/src/BillReceipt.java</file>
            <file>file:/E:/Java%20JFrame/ShowroomManagementSystem/src/RentalPage.java</file>
            <file>file:/E:/Java%20JFrame/ShowroomManagementSystem/src/HomePage.java</file>
            <file>file:/E:/Java%20JFrame/ShowroomManagementSystem/src/ForgetPass.java</file>
            <file>file:/E:/Java%20JFrame/ShowroomManagementSystem/src/AddCustomer.java</file>
            <file>file:/E:/Java%20JFrame/ShowroomManagementSystem/src/Recipt.java</file>
            <file>file:/E:/Java%20JFrame/ShowroomManagementSystem/src/loading.java</file>
        </group>
    </open-files>
</project-private>
